ID,first_name,last_name,age
1,Jessica,Parker,39
2,Brenda,Mcintosh,60
3,Tracy,Grant,36
4,Daniel,Wilson,60
5,Cheryl,Walker,43
6,Richard,Green,34
7,Chelsea,Perez,24
8,Kara,Sullivan,61
9,Justin,Nelson,45
10,Nicholas,Knapp,23
11,Tricia,Hamilton,33
12,Monica,Caldwell,35
13,Benjamin,Delgado,31
14,Sarah,Patterson,30
15,Kathleen,Frazier,45
16,Larry,Mason,38
17,Alexander,Duncan,27
18,Derek,Turner,42
19,Lorraine,Smith,54
20,Teresa,James,62
21,James,Conley,43
22,Tyler,Murphy,62
23,Brian,Jones,25
24,Denise,Holder,51
25,Steven,Hart,47
26,Kaylee,Hutchinson,20
27,Jessica,Conley,37
28,Rebecca,Brennan,46
29,Sara,Bonilla,38
30,James,Baker,71
31,Danielle,Thompson,75
32,Stephanie,Rice,43
33,Megan,Petersen,76
34,Philip,Barber,31
35,Brandon,Miller,73
36,Anita,Boyd,24
37,Colton,Allen,26
38,Ashley,Morales,26
39,Joe,Boyd,74
40,James,Warren,80
41,Catherine,Howell,73
42,Lauren,Poole,48
43,Jason,Taylor,27
44,Rhonda,Buchanan,54
45,Francis,Morris,68
46,Shawn,Wilcox,35
47,Yolanda,Lee,70
48,Austin,Webster,45
49,Bethany,Ferrell,40
50,Betty,Martin,72
